match_date,name1,name2
2020-05-11,springer.alejandra,spw72
2020-05-11,wwang241,tamimi.hajer
2020-05-11,pankaj.iitm,harshini.patani
2020-05-11,jmb852,yz2432
2020-05-11,ikenotomohiro,angelicakosasih24
2020-05-11,nagrawal44,mounica.allani
2020-05-11,vince,vincehartman38
2020-05-11,teertha.g,ankitmehtawork94
2020-05-11,asj,annebuckel
2020-05-11,alexander.a.amy,pearse.lenz
2020-05-11,mehmabhasin,soulatwork001
2020-05-11,jh2585,wl1508
2020-05-11,daniellet.boris,enestorovic
2020-05-11,yearee,jstein723
2020-05-11,gwolozin,feifan_fiona
2020-05-11,cs2342,csstowell
2020-05-11,eddie.albert.rodrigue,shilingz
2020-05-11,sh2397,at868
2020-05-11,shiamakratra,silvanavolio12
2020-05-11,lhtonywei,anuvdeodhar
2020-05-11,salmaan.a.qadir,arjunbhallasg
2020-05-11,caochengrui,eytan.nahmiyas
2020-05-11,sahilbahl94,philip.er.shipley
2020-05-11,rgentul,avraham.sheinin
2020-05-11,amblevs,jim
2020-05-11,beachum.brandon,shaffer.jeremy.m
2020-05-11,davidjcooper,csc275
2020-05-11,ffparke,sylvianie0504
2020-05-11,adhirajsinghk,abdulelah.almesfer
2020-05-11,rkleinro,hu.tony.j
2020-05-11,davidmtole,oadeboro
2020-05-11,w.weiss27,kaiyuan98
2020-05-11,chenggong0328,kendall.k.lam
2020-05-11,cpfeuring,isha.gandhi
2020-05-11,samanthanlee7,sara.yz.wang
2020-05-11,crybicki98,song.ziyu
2020-05-11,asawarikanitkar,sbapat
2020-05-11,tiffany85221,kj
2020-05-11,yujies2,aaronyan0328
2020-05-11,singhaniasnigdha,arunabh.aru
2020-05-11,dylan,yartoa
2020-05-11,ryderhwang,dhanya.janaki
2020-05-11,sfelber,aboul3ata
2020-05-11,eme.bassey,fanxw16
2020-05-18,springer.alejandra,rkleinro
2020-05-18,spw72,wwang241
2020-05-18,pankaj.iitm,rashmi.s5991
2020-05-18,jmb852,jy726
2020-05-18,al4902,jh2585
2020-05-18,ikenotomohiro,oadeboro
2020-05-18,angelicakosasih24,caochengrui
2020-05-18,nagrawal44,yz2432
2020-05-18,mounica.allani,sbapat
2020-05-18,vince,ankitmehtawork94
2020-05-18,vincehartman38,beachum.brandon
2020-05-18,teertha.g,harshini.patani
2020-05-18,asj,asawarikanitkar
2020-05-18,annebuckel,alexander.a.amy
2020-05-18,pearse.lenz,csc275
2020-05-18,mehmabhasin,shilingz
2020-05-18,daniellet.boris,kendall.k.lam
2020-05-18,enestorovic,yearee
2020-05-18,jstein723,gwolozin
2020-05-18,to_chatchaya,cs2342
2020-05-18,eddie.albert.rodrigue,samanthanlee7
2020-05-18,sh2397,crybicki98
2020-05-18,at868,shiamakratra
2020-05-18,silvanavolio12,song.ziyu
2020-05-18,lhtonywei,sunaustin8
2020-05-18,salmaan.a.qadir,shaffer.jeremy.m
2020-05-18,eytan.nahmiyas,sahilbahl94
2020-05-18,rgentul,w.weiss27
2020-05-18,avraham.sheinin,tyra.carr2
2020-05-18,philip.er.shipley,davidjcooper
2020-05-18,amblevs,dao.le
2020-05-18,ffparke,aaronyan0328
2020-05-18,csstowell,tamimi.hajer
2020-05-18,adhirajsinghk,kj
2020-05-18,abdulelah.almesfer,davidmtole
2020-05-18,arjunbhallasg,dylan
2020-05-18,anuvdeodhar,soulatwork001
2020-05-18,jim,sara.yz.wang
2020-05-18,chenggong0328,sylvianie0504
2020-05-18,cpfeuring,ryderhwang
2020-05-18,hu.tony.j,kaiyuan98
2020-05-18,wl1508,1031185728
2020-05-18,tiffany85221,fanxw16
2020-05-18,yujies2,singhaniasnigdha
2020-05-18,isha.gandhi,arunabh.aru
2020-05-18,yartoa,dhanya.janaki
2020-05-18,sfelber,eme.bassey
2020-05-18,aboul3ata,chenchuanqi2016
2020-05-25,springer.alejandra,jy726
2020-05-25,spw72,arjunbhallasg
2020-05-25,wwang241,song.ziyu
2020-05-25,pankaj.iitm,ankitmehtawork94
2020-05-25,jmb852,asawarikanitkar
2020-05-25,al4902,jc3498
2020-05-25,ikenotomohiro,jain.dhwani
2020-05-25,angelicakosasih24,jh2585
2020-05-25,nagrawal44,w.weiss27
2020-05-25,mounica.allani,yz2432
2020-05-25,vince,anuvdeodhar
2020-05-25,vincehartman38,hu.tony.j
2020-05-25,teertha.g,rashmi.s5991
2020-05-25,asj,crybicki98
2020-05-25,annebuckel,pearse.lenz
2020-05-25,alexander.a.amy,lisalin0924
2020-05-25,mehmabhasin,samanthanlee7
2020-05-25,skg610,daniellet.boris
2020-05-25,enestorovic,kaiyuan98
2020-05-25,yearee,csc275
2020-05-25,jstein723,lizweric
2020-05-25,gwolozin,csstowell
2020-05-25,to_chatchaya,shilingz
2020-05-25,cs2342,rgentul
2020-05-25,eddie.albert.rodrigue,lhtonywei
2020-05-25,sh2397,sbapat
2020-05-25,at868,rkleinro
2020-05-25,shiamakratra,salmaan.a.qadir
2020-05-25,silvanavolio12,avraham.sheinin
2020-05-25,caochengrui,haozia
2020-05-25,eytan.nahmiyas,yujies2
2020-05-25,sahilbahl94,davidjcooper
2020-05-25,philip.er.shipley,amblevs
2020-05-25,beachum.brandon,tamimi.hajer
2020-05-25,adhirajsinghk,harshini.patani
2020-05-25,abdulelah.almesfer,arunabh.aru
2020-05-25,davidmtole,dylan
2020-05-25,oadeboro,eme.bassey
2020-05-25,jim,dao.le
2020-05-25,chenggong0328,yartoa
2020-05-25,kendall.k.lam,tyra.carr2
2020-05-25,sylvianie0504,aaronyan0328
2020-05-25,cpfeuring,isha.gandhi
2020-05-25,sara.yz.wang,shaffer.jeremy.m
2020-05-25,wl1508,chenchuanqi2016
2020-05-25,tiffany85221,kj
2020-05-25,singhaniasnigdha,dhanya.janaki
2020-05-25,ryderhwang,sfelber
2020-05-25,aboul3ata,fanxw16
2020-05-25,1031185728,soulatwork001
2020-05-25,samanthanlee7,sunaustin8
2020-06-01,springer.alejandra,dzimberg
2020-06-01,spw72,jy726
2020-06-01,wwang241,arjunbhallasg
2020-06-01,pankaj.iitm,adhirajsinghk
2020-06-01,hkirankaur,amblevs
2020-06-01,jmb852,sbapat
2020-06-01,al4902,angelicakosasih24
2020-06-01,ikenotomohiro,nagrawal44
2020-06-01,mounica.allani,silvanavolio12
2020-06-01,vince,chenggong0328
2020-06-01,vincehartman38,kendall.k.lam
2020-06-01,teertha.g,rashmi.s5991
2020-06-01,asj,beachum.brandon
2020-06-01,annebuckel,lizweric
2020-06-01,alexander.a.amy,salmaan.a.qadir
2020-06-01,pearse.lenz,lisalin0924
2020-06-01,mehmabhasin,dasaismit
2020-06-01,skg610,tamimi.hajer
2020-06-01,jh2585,jc3498
2020-06-01,daniellet.boris,jain.dhwani
2020-06-01,enestorovic,yz2432
2020-06-01,yearee,rkleinro
2020-06-01,jstein723,crybicki98
2020-06-01,gwolozin,hu.tony.j
2020-06-01,to_chatchaya,song.ziyu
2020-06-01,cs2342,shaffer.jeremy.m
2020-06-01,eddie.albert.rodrigue,sunaustin8
2020-06-01,sh2397,asawarikanitkar
2020-06-01,at868,tyra.carr2
2020-06-01,shiamakratra,rgentul
2020-06-01,lhtonywei,samanthanlee7
2020-06-01,caochengrui,wl1508
2020-06-01,eytan.nahmiyas,aaronyan0328
2020-06-01,sahilbahl94,philip.er.shipley
2020-06-01,avraham.sheinin,dylan
2020-06-01,davidjcooper,kj
2020-06-01,csc275,csstowell
2020-06-01,abdulelah.almesfer,haozia
2020-06-01,davidmtole,arunabh.aru
2020-06-01,oadeboro,eme.bassey
2020-06-01,w.weiss27,kaiyuan98
2020-06-01,ankitmehtawork94,harshini.patani
2020-06-01,anuvdeodhar,shilingz
2020-06-01,jim,dao.le
2020-06-01,sylvianie0504,cpfeuring
2020-06-01,sara.yz.wang,tiffany85221
2020-06-01,singhaniasnigdha,dhanya.janaki
2020-06-01,isha.gandhi,ryderhwang
2020-06-01,yartoa,sfelber
2020-06-01,aboul3ata,cyh05040
2020-06-01,fanxw16,1031185728
2020-06-01,soulatwork001,chenchuanqi2016
2020-06-08,springer.alejandra,shaffer.jeremy.m
2020-06-08,spw72,song.ziyu
2020-06-08,wwang241,asawarikanitkar
2020-06-08,pankaj.iitm,teertha.g
2020-06-08,hkirankaur,sara.yz.wang
2020-06-08,jmb852,rgentul
2020-06-08,al4902,caochengrui
2020-06-08,ikenotomohiro,ankitmehtawork94
2020-06-08,angelicakosasih24,1031185728
2020-06-08,nagrawal44,tyra.carr2
2020-06-08,mounica.allani,beachum.brandon
2020-06-08,vince,jim
2020-06-08,vincehartman38,asj
2020-06-08,alexander.a.amy,kendall.k.lam
2020-06-08,pearse.lenz,shiamakratra
2020-06-08,lisalin0924,lizweric
2020-06-08,mehmabhasin,lhtonywei
2020-06-08,skg610,avraham.sheinin
2020-06-08,jh2585,chenchuanqi2016
2020-06-08,daniellet.boris,dao.le
2020-06-08,enestorovic,sbapat
2020-06-08,yearee,hu.tony.j
2020-06-08,jstein723,w.weiss27
2020-06-08,gwolozin,crybicki98
2020-06-08,to_chatchaya,harshini.patani
2020-06-08,cs2342,rkleinro
2020-06-08,eddie.albert.rodrigue,dasaismit
2020-06-08,sh2397,csc275
2020-06-08,at868,silvanavolio12
2020-06-08,salmaan.a.qadir,dzimberg
2020-06-08,eytan.nahmiyas,singhaniasnigdha
2020-06-08,sahilbahl94,davidjcooper
2020-06-08,philip.er.shipley,isha.gandhi
2020-06-08,amblevs,csstowell
2020-06-08,adhirajsinghk,rashmi.s5991
2020-06-08,tamimi.hajer,jy726
2020-06-08,abdulelah.almesfer,ryderhwang
2020-06-08,davidmtole,arjunbhallasg
2020-06-08,oadeboro,anuvdeodhar
2020-06-08,chenggong0328,shilingz
2020-06-08,sylvianie0504,aaronyan0328
2020-06-08,cpfeuring,wl1508
2020-06-08,tiffany85221,samuel9008
2020-06-08,kj,fanxw16
2020-06-08,arunabh.aru,dhanya.janaki
2020-06-08,dylan,kaiyuan98
2020-06-08,yartoa,aboul3ata
2020-06-08,sfelber,cyh05040
2020-06-08,eme.bassey,soulatwork001
2020-06-08,sunaustin8,haozia
2020-06-08,yz2432,jain.dhwani
2020-06-08,1031185728,jc3498
2020-06-17,springer.alejandra,cs2342
2020-06-17,spw72,rgentul
2020-06-17,wwang241,avraham.sheinin
2020-06-17,pankaj.iitm,aparnaakk
2020-06-17,hkirankaur,andrew.justus.atkins
2020-06-17,jmb852,kendall.k.lam
2020-06-17,al4902,1031185728
2020-06-17,ikenotomohiro,sylvianie0504
2020-06-17,angelicakosasih24,wl1508
2020-06-17,nagrawal44,lizweric
2020-06-17,mounica.allani,shaffer.jeremy.m
2020-06-17,vince,cpfeuring
2020-06-17,vincehartman38,dao.le
2020-06-17,teertha.g,adhirajsinghk
2020-06-17,asj,alexander.a.amy
2020-06-17,pearse.lenz,csstowell
2020-06-17,lisalin0924,crybicki98
2020-06-17,mehmabhasin,sailesh.patnala.96
2020-06-17,skg610,hu.tony.j
2020-06-17,jh2585,wl557
2020-06-17,daniellet.boris,yearee
2020-06-17,jstein723,asawarikanitkar
2020-06-17,gwolozin,sbapat
2020-06-17,to_chatchaya,eddie.albert.rodrigue
2020-06-17,sh2397,dylan
2020-06-17,at868,tamimi.hajer
2020-06-17,shiamakratra,tyra.carr2
2020-06-17,silvanavolio12,rkleinro
2020-06-17,lhtonywei,sgd73
2020-06-17,salmaan.a.qadir,beachum.brandon
2020-06-17,caochengrui,jc3498
2020-06-17,eytan.nahmiyas,kj
2020-06-17,sahilbahl94,philip.er.shipley
2020-06-17,amblevs,sara.yz.wang
2020-06-17,davidjcooper,yartoa
2020-06-17,csc275,song.ziyu
2020-06-17,abdulelah.almesfer,dhanya.janaki
2020-06-17,davidmtole,sfelber
2020-06-17,arjunbhallasg,jain.dhwani
2020-06-17,oadeboro,w.weiss27
2020-06-17,ankitmehtawork94,rashmi.s5991
2020-06-17,anuvdeodhar,chenggong0328
2020-06-17,jim,shilingz
2020-06-17,harshini.patani,tiffany85221
2020-06-17,aaronyan0328,singhaniasnigdha
2020-06-17,isha.gandhi,anton.abilov
2020-06-17,arunabh.aru,ryderhwang
2020-06-17,aboul3ata,kaiyuan98
2020-06-17,eme.bassey,cyh05040
2020-06-17,fanxw16,samuel9008
2020-06-17,soulatwork001,sunaustin8
2020-06-17,chenchuanqi2016,haozia
2020-06-17,yz2432,dzimberg
2020-06-17,anuvdeodhar,dasaismit
